ID,class,wordnet,Chinese
0,tench,n01440764,丁鯛
1,goldfish,n01443537,金魚
2,great_white_shark,n01484850,大白鯊
3,tiger_shark,n01491361,虎鯊
4,hammerhead,n01494475,錘頭鯊
5,electric_ray,n01496331,電鰩
6,stingray,n01498041,黃貂魚
7,cock,n01514668,公雞
8,hen,n01514859,母雞
9,ostrich,n01518878,鴕鳥
10,brambling,n01530575,燕雀
11,goldfinch,n01531178,金翅雀
12,house_finch,n01532829,家朱雀
13,junco,n01534433,燈芯草雀
14,indigo_bunting,n01537544,"靛藍雀,靛藍鳥"
15,robin,n01558993,藍鵐
16,bulbul,n01560419,夜鶯
17,jay,n01580077,松鴉
18,magpie,n01582220,喜鵲
19,chickadee,n01592084,山雀
20,water_ouzel,n01601694,河鳥
21,kite,n01608432,鳶（猛禽）
22,bald_eagle,n01614925,禿頭鷹
23,vulture,n01616318,禿鷲
24,great_grey_owl,n01622779,大灰貓頭鷹
25,European_fire_salamander,n01629819,歐洲火蠑螈
26,common_newt,n01630670,普通蠑螈
27,eft,n01631663,水蜥
28,spotted_salamander,n01632458,斑點蠑螈
29,axolotl,n01632777,"蠑螈,泥狗"
30,bullfrog,n01641577,牛蛙
31,tree_frog,n01644373,樹蛙
32,tailed_frog,n01644900,"尾蛙,鈴蟾蜍,肋蟾蜍,尾蟾蜍"
33,loggerhead,n01664065,紅海龜
34,leatherback_turtle,n01665541,皮革龜
35,mud_turtle,n01667114,泥龜
36,terrapin,n01667778,淡水龜
37,box_turtle,n01669191,箱龜
38,banded_gecko,n01675722,帶狀壁虎
39,common_iguana,n01677366,普通鬣蜥
40,American_chameleon,n01682714,美國變色龍
41,whiptail,n01685808,鞭尾蜥蜴
42,agama,n01687978,飛龍科蜥蜴
43,frilled_lizard,n01688243,褶邊蜥蜴
44,alligator_lizard,n01689811,鱷魚蜥蜴
45,Gila_monster,n01692333,毒蜥
46,green_lizard,n01693334,綠蜥蜴
47,African_chameleon,n01694178,非洲變色龍
48,Komodo_dragon,n01695060,科莫多蜥蜴
49,African_crocodile,n01697457,"非洲鱷,尼羅河鱷魚"
50,American_alligator,n01698640,"美國鱷魚,鱷魚"
51,triceratops,n01704323,三角龍
52,thunder_snake,n01728572,"雷蛇,蠕蟲蛇"
53,ringneck_snake,n01728920,"環蛇,環頸蛇"
54,hognose_snake,n01729322,希臘蛇
55,green_snake,n01729977,"綠蛇,草蛇"
56,king_snake,n01734418,國王蛇
57,garter_snake,n01735189,"襪帶蛇,草蛇"
58,water_snake,n01737021,水蛇
59,vine_snake,n01739381,藤蛇
60,night_snake,n01740131,夜蛇
61,boa_constrictor,n01742172,大蟒蛇
62,rock_python,n01744401,"岩石蟒蛇,岩蛇,蟒蛇"
63,Indian_cobra,n01748264,印度眼鏡蛇
64,green_mamba,n01749939,綠曼巴
65,sea_snake,n01751748,海蛇
66,horned_viper,n01753488,角腹蛇
67,diamondback,n01755581,菱紋響尾蛇
68,sidewinder,n01756291,角響尾蛇
69,trilobite,n01768244,三葉蟲
70,harvestman,n01770081,盲蜘蛛
71,scorpion,n01770393,蠍子
72,black_and_gold_garden_spider,n01773157,黑金花園蜘蛛
73,barn_spider,n01773549,穀倉蜘蛛
74,garden_spider,n01773797,花園蜘蛛
75,black_widow,n01774384,黑寡婦蜘蛛
76,tarantula,n01774750,狼蛛
77,wolf_spider,n01775062,"狼蜘蛛,狩獵蜘蛛"
78,tick,n01776313,壁虱
79,centipede,n01784675,蜈蚣
80,black_grouse,n01795545,黑松雞
81,ptarmigan,n01796340,"松雞,雷鳥"
82,ruffed_grouse,n01797886,"披肩雞,披肩榛雞"
83,prairie_chicken,n01798484,"草原雞,草原松雞"
84,peacock,n01806143,孔雀
85,quail,n01806567,鵪鶉
86,partridge,n01807496,鷓鴣
87,African_grey,n01817953,非洲灰鸚鵡
88,macaw,n01818515,金剛鸚鵡
89,sulphur-crested_cockatoo,n01819313,硫冠鸚鵡
90,lorikeet,n01820546,短尾鸚鵡
91,coucal,n01824575,褐翅鴉鵑
92,bee_eater,n01828970,蜜蜂
93,hornbill,n01829413,犀鳥
94,hummingbird,n01833805,蜂鳥
95,jacamar,n01843065,鶲䴕
96,toucan,n01843383,犀鳥
97,drake,n01847000,野鴨
98,red-breasted_merganser,n01855032,紅胸秋沙鴨
99,goose,n01855672,鵝
100,black_swan,n01860187,黑天鵝
101,tusker,n01871265,大象
102,echidna,n01872401,針鼴鼠
103,platypus,n01873310,鴨嘴獸
104,wallaby,n01877812,沙袋鼠
105,koala,n01882714,"考拉,考拉熊"
106,wombat,n01883070,袋熊
107,jellyfish,n01910747,水母
108,sea_anemone,n01914609,海葵
109,brain_coral,n01917289,腦珊瑚
110,flatworm,n01924916,扁形蟲扁蟲
111,nematode,n01930112,"線蟲,蛔蟲"
112,conch,n01943899,海螺
113,snail,n01944390,蝸牛
114,slug,n01945685,鼻涕蟲
115,sea_slug,n01950731,海參
116,chiton,n01955084,石鱉
117,chambered_nautilus,n01968897,鸚鵡螺
118,Dungeness_crab,n01978287,珍寶蟹
119,rock_crab,n01978455,石蟹
120,fiddler_crab,n01980166,招潮蟹
121,king_crab,n01981276,"帝王蟹,阿拉斯加蟹,阿拉斯加帝王蟹"
122,American_lobster,n01983481,"美國龍蝦,緬因州龍蝦"
123,spiny_lobster,n01984695,大螯蝦
124,crayfish,n01985128,小龍蝦
125,hermit_crab,n01986214,寄居蟹
126,isopod,n01990800,等足目動物(明蝦和螃蟹近親)
127,white_stork,n02002556,白鸛
128,black_stork,n02002724,黑鸛
129,spoonbill,n02006656,鷺
130,flamingo,n02007558,火烈鳥
131,little_blue_heron,n02009229,小藍鷺
132,American_egret,n02009912,"美國鷺,大白鷺"
133,bittern,n02011460,麻鴉
134,crane,n02012849,鶴
135,limpkin,n02013706,秧鶴
136,European_gallinule,n02017213,"歐洲水雞,紫水雞"
137,American_coot,n02018207,"沼澤泥母雞,水母雞"
138,bustard,n02018795,鴇
139,ruddy_turnstone,n02025239,紅翻石鷸
140,red-backed_sandpiper,n02027492,"紅背鷸,黑腹濱鷸"
141,redshank,n02028035,紅腳鷸
142,dowitcher,n02033041,半蹼鷸
143,oystercatcher,n02037110,蠣鷸
144,pelican,n02051845,鵜鶘
145,king_penguin,n02056570,國王企鵝
146,albatross,n02058221,"信天翁,大海鳥"
147,grey_whale,n02066245,灰鯨
148,killer_whale,n02071294,"殺人鯨,逆戟鯨,虎鯨"
149,dugong,n02074367,海牛
150,sea_lion,n02077923,海獅
151,Chihuahua,n02085620,奇瓦瓦
152,Japanese_spaniel,n02085782,日本獵犬
153,Maltese_dog,n02085936,瑪律濟斯犬
154,Pekinese,n02086079,獅子狗
155,Shih-Tzu,n02086240,西施犬
156,Blenheim_spaniel,n02086646,布萊尼姆獵犬
157,papillon,n02086910,巴比狗
158,toy_terrier,n02087046,玩具犬
159,Rhodesian_ridgeback,n02087394,羅得西亞長背獵狗
160,Afghan_hound,n02088094,阿富汗獵犬
161,basset,n02088238,獵犬
162,beagle,n02088364,"比格犬,獵兔犬"
163,bloodhound,n02088466,偵探犬
164,bluetick,n02088632,藍色快狗
165,black-and-tan_coonhound,n02089078,黑褐獵浣熊犬
166,Walker_hound,n02089867,沃克獵犬
167,English_foxhound,n02089973,英國獵狐犬
168,redbone,n02090379,美洲赤狗
169,borzoi,n02090622,俄羅斯獵狼犬
170,Irish_wolfhound,n02090721,愛爾蘭獵狼犬
171,Italian_greyhound,n02091032,義大利灰狗
172,whippet,n02091134,惠比特犬
173,Ibizan_hound,n02091244,依比沙獵犬
174,Norwegian_elkhound,n02091467,挪威獵犬
175,otterhound,n02091635,"奧達獵犬,水獺獵犬"
176,Saluki,n02091831,"沙克犬,瞪羚獵犬"
177,Scottish_deerhound,n02092002,"蘇格蘭獵鹿犬,獵鹿犬"
178,Weimaraner,n02092339,威瑪獵犬
179,Staffordshire_bullterrier,n02093256,"斯塔福德郡牛頭梗,斯塔福德郡鬥牛梗"
180,American_Staffordshire_terrier,n02093428,"美國斯塔福德郡梗,美國比特鬥牛梗,鬥牛梗"
181,Bedlington_terrier,n02093647,貝德靈頓梗
182,Border_terrier,n02093754,邊境梗
183,Kerry_blue_terrier,n02093859,凱麗藍梗
184,Irish_terrier,n02093991,愛爾蘭梗
185,Norfolk_terrier,n02094114,諾福克梗
186,Norwich_terrier,n02094258,諾維奇梗
187,Yorkshire_terrier,n02094433,約克郡梗
188,wire-haired_fox_terrier,n02095314,剛毛獵狐梗
189,Lakeland_terrier,n02095570,萊克蘭梗
190,Sealyham_terrier,n02095889,錫利哈姆梗
191,Airedale,n02096051,艾爾穀犬
192,cairn,n02096177,凱恩梗
193,Australian_terrier,n02096294,澳大利亞梗
194,Dandie_Dinmont,n02096437,丹迪丁蒙梗
195,Boston_bull,n02096585,波士頓梗
196,miniature_schnauzer,n02097047,迷你雪納瑞犬
197,giant_schnauzer,n02097130,巨型雪納瑞犬
198,standard_schnauzer,n02097209,標準雪納瑞犬
199,Scotch_terrier,n02097298,蘇格蘭梗
200,Tibetan_terrier,n02097474,"西藏梗,菊花狗"
201,silky_terrier,n02097658,絲毛梗
202,soft-coated_wheaten_terrier,n02098105,軟毛麥色梗
203,West_Highland_white_terrier,n02098286,西高地白梗
204,Lhasa,n02098413,拉薩阿普索犬
205,flat-coated_retriever,n02099267,平毛尋回犬
206,curly-coated_retriever,n02099429,卷毛尋回犬
207,golden_retriever,n02099601,金毛獵犬
208,Labrador_retriever,n02099712,拉布拉多獵犬
209,Chesapeake_Bay_retriever,n02099849,乞沙比克獵犬
210,German_short-haired_pointer,n02100236,德國短毛獵犬
211,vizsla,n02100583,維茲拉犬
212,English_setter,n02100735,英國諜犬
213,Irish_setter,n02100877,"愛爾蘭雪達犬,紅色獵犬"
214,Gordon_setter,n02101006,戈登雪達犬
215,Brittany_spaniel,n02101388,布列塔尼犬獵犬
216,clumber,n02101556,"黃毛,黃毛獵犬"
217,English_springer,n02102040,英國史賓格犬
218,Welsh_springer_spaniel,n02102177,威爾士史賓格犬
219,cocker_spaniel,n02102318,"可卡犬,英國可卡犬"
220,Sussex_spaniel,n02102480,薩塞克斯獵犬
221,Irish_water_spaniel,n02102973,愛爾蘭水獵犬
222,kuvasz,n02104029,哥威斯犬
223,schipperke,n02104365,舒柏奇犬
224,groenendael,n02105056,比利時牧羊犬
225,malinois,n02105162,馬里努阿犬
226,briard,n02105251,伯瑞犬
227,kelpie,n02105412,凱爾皮犬
228,komondor,n02105505,匈牙利牧羊犬
229,Old_English_sheepdog,n02105641,老英國牧羊犬
230,Shetland_sheepdog,n02105855,喜樂蒂牧羊犬
231,collie,n02106030,牧羊犬
232,Border_collie,n02106166,邊境牧羊犬
233,Bouvier_des_Flandres,n02106382,法蘭德斯牧牛狗
234,Rottweiler,n02106550,羅特韋爾犬
235,German_shepherd,n02106662,"德國牧羊犬,德國警犬,阿爾薩斯"
236,Doberman,n02107142,"多伯曼犬,杜賓犬"
237,miniature_pinscher,n02107312,迷你杜賓犬
238,Greater_Swiss_Mountain_dog,n02107574,大瑞士山地犬
239,Bernese_mountain_dog,n02107683,伯恩山犬
240,Appenzeller,n02107908,Appenzeller狗
241,EntleBucher,n02108000,EntleBucher狗
242,boxer,n02108089,拳師狗
243,bull_mastiff,n02108422,鬥牛獒
244,Tibetan_mastiff,n02108551,藏獒
245,French_bulldog,n02108915,法國鬥牛犬
246,Great_Dane,n02109047,大丹犬
247,Saint_Bernard,n02109525,聖伯納德狗
248,Eskimo_dog,n02109961,"愛斯基摩犬,哈士奇"
249,malamute,n02110063,"雪橇犬,阿拉斯加愛斯基摩狗"
250,Siberian_husky,n02110185,哈士奇
251,dalmatian,n02110341,"達爾馬提亞,教練車狗"
252,affenpinscher,n02110627,獅毛狗
253,basenji,n02110806,巴辛吉狗
254,pug,n02110958,"哈巴狗,獅子狗"
255,Leonberg,n02111129,萊昂貝格狗
256,Newfoundland,n02111277,紐芬蘭島狗
257,Great_Pyrenees,n02111500,大白熊犬
258,Samoyed,n02111889,薩摩耶犬
259,Pomeranian,n02112018,博美犬
260,chow,n02112137,"松獅,松獅"
261,keeshond,n02112350,荷蘭卷尾獅毛狗
262,Brabancon_griffon,n02112706,布魯塞爾格林芬犬
263,Pembroke,n02113023,彭布洛克威爾士科基犬
264,Cardigan,n02113186,威爾士柯基犬
265,toy_poodle,n02113624,玩具貴賓犬
266,miniature_poodle,n02113712,迷你貴賓犬
267,standard_poodle,n02113799,標準貴賓犬
268,Mexican_hairless,n02113978,墨西哥無毛犬
269,timber_wolf,n02114367,灰狼
270,white_wolf,n02114548,"白狼,北極狼"
271,red_wolf,n02114712,"紅太狼,鬃狼,犬犬魯弗斯"
272,coyote,n02114855,"狼,草原狼,刷狼,郊狼"
273,dingo,n02115641,"澳洲野狗,澳大利亞野犬"
274,dhole,n02115913,豺
275,African_hunting_dog,n02116738,"非洲獵犬,土狼犬"
276,hyena,n02117135,鬣狗
277,red_fox,n02119022,紅狐狸
278,kit_fox,n02119789,沙狐
279,Arctic_fox,n02120079,"北極狐狸,白狐狸"
280,grey_fox,n02120505,灰狐狸
281,tabby,n02123045,虎斑貓
282,tiger_cat,n02123159,"山貓,虎貓"
283,Persian_cat,n02123394,波斯貓
284,Siamese_cat,n02123597,"暹羅暹羅貓,"
285,Egyptian_cat,n02124075,埃及貓
286,cougar,n02125311,"美洲獅,美洲豹"
287,lynx,n02127052,"猞猁,山貓"
288,leopard,n02128385,豹子
289,snow_leopard,n02128757,雪豹
290,jaguar,n02128925,美洲虎
291,lion,n02129165,獅子
292,tiger,n02129604,老虎
293,cheetah,n02130308,獵豹
294,brown_bear,n02132136,棕熊
295,American_black_bear,n02133161,美洲黑熊
296,ice_bear,n02134084,"冰熊,北極熊"
297,sloth_bear,n02134418,懶熊
298,mongoose,n02137549,貓鼬
299,meerkat,n02138441,"貓鼬,海貓"
300,tiger_beetle,n02165105,虎甲蟲
301,ladybug,n02165456,瓢蟲
302,ground_beetle,n02167151,土鼈蟲
303,long-horned_beetle,n02168699,天牛
304,leaf_beetle,n02169497,龜甲蟲
305,dung_beetle,n02172182,糞甲蟲
306,rhinoceros_beetle,n02174001,犀牛甲蟲
307,weevil,n02177972,象甲
308,fly,n02190166,蒼蠅
309,bee,n02206856,蜜蜂
310,ant,n02219486,螞蟻
311,grasshopper,n02226429,蚱蜢
312,cricket,n02229544,蟋蟀
313,walking_stick,n02231487,竹節蟲
314,cockroach,n02233338,蟑螂
315,mantis,n02236044,螳螂
316,cicada,n02256656,蟬
317,leafhopper,n02259212,葉蟬
318,lacewing,n02264363,草蜻蛉
319,dragonfly,n02268443,蜻蜓
320,damselfly,n02268853,"豆娘,蜻蛉"
321,admiral,n02276258,優紅蛺蝶
322,ringlet,n02277742,小環蝴蝶
323,monarch,n02279972,"君主蝴蝶,大斑蝶"
324,cabbage_butterfly,n02280649,菜粉蝶
325,sulphur_butterfly,n02281406,白蝴蝶
326,lycaenid,n02281787,灰蝶
327,starfish,n02317335,海星
328,sea_urchin,n02319095,海膽
329,sea_cucumber,n02321529,"海參,海黃瓜"
330,wood_rabbit,n02325366,野兔
331,hare,n02326432,兔
332,Angora,n02328150,安哥拉兔
333,hamster,n02342885,倉鼠
334,porcupine,n02346627,"刺蝟,豪豬,"
335,fox_squirrel,n02356798,黑松鼠
336,marmot,n02361337,土撥鼠
337,beaver,n02363005,海狸
338,guinea_pig,n02364673,"豚鼠,豚鼠"
339,sorrel,n02389026,栗色馬
340,zebra,n02391049,斑馬
341,hog,n02395406,豬
342,wild_boar,n02396427,野豬
343,warthog,n02397096,疣豬
344,hippopotamus,n02398521,河馬
345,ox,n02403003,牛
346,water_buffalo,n02408429,"水牛,亞洲水牛"
347,bison,n02410509,野牛
348,ram,n02412080,公羊
349,bighorn,n02415577,"大角羊,洛磯山大角羊"
350,ibex,n02417914,山羊
351,hartebeest,n02422106,狷羚
352,impala,n02422699,黑斑羚
353,gazelle,n02423022,瞪羚
354,Arabian_camel,n02437312,"阿拉伯單峰駱駝,駱駝"
355,llama,n02437616,駱駝
356,weasel,n02441942,黃鼠狼
357,mink,n02442845,水貂
358,polecat,n02443114,臭貓
359,black-footed_ferret,n02443484,黑足鼬
360,otter,n02444819,水獺
361,skunk,n02445715,"臭鼬,木貓"
362,badger,n02447366,獾
363,armadillo,n02454379,犰狳
364,three-toed_sloth,n02457408,樹懶
365,orangutan,n02480495,"猩猩,婆羅洲猩猩"
366,gorilla,n02480855,大猩猩
367,chimpanzee,n02481823,黑猩猩
368,gibbon,n02483362,長臂猿
369,siamang,n02483708,"合趾猿長臂猿,合趾猿"
370,guenon,n02484975,長尾猴
371,patas,n02486261,赤猴
372,baboon,n02486410,狒狒
373,macaque,n02487347,"恒河猴,獼猴"
374,langur,n02488291,白頭葉猴
375,colobus,n02488702,疣猴
376,proboscis_monkey,n02489166,長鼻猴
377,marmoset,n02490219,狨（美洲產小型長尾猴）
378,capuchin,n02492035,卷尾猴
379,howler_monkey,n02492660,吼猴
380,titi,n02493509,伶猴
381,spider_monkey,n02493793,蜘蛛猴
382,squirrel_monkey,n02494079,松鼠猴
383,Madagascar_cat,n02497673,"馬達加斯加環尾狐猴,鼠狐猴"
384,indri,n02500267,"大狐猴,馬達加斯加大狐猴"
385,Indian_elephant,n02504013,"印度大象,亞洲象"
386,African_elephant,n02504458,"非洲象,非洲象"
387,lesser_panda,n02509815,小熊貓
388,giant_panda,n02510455,大熊貓
389,barracouta,n02514041,杖魚
390,eel,n02526121,鰻魚
391,coho,n02536864,"銀鮭,銀鮭魚"
392,rock_beauty,n02606052,三色刺蝶魚
393,anemone_fish,n02607072,海葵魚
394,sturgeon,n02640242,鱘魚
395,gar,n02641379,雀鱔
396,lionfish,n02643566,獅子魚
397,puffer,n02655020,河豚
398,abacus,n02666196,算盤
399,abaya,n02667093,長袍
400,academic_gown,n02669723,學位袍
401,accordion,n02672831,手風琴
402,acoustic_guitar,n02676566,原聲吉他
403,aircraft_carrier,n02687172,航空母艦
404,airliner,n02690373,客機
405,airship,n02692877,飛艇
406,altar,n02699494,祭壇
407,ambulance,n02701002,救護車
408,amphibian,n02704792,水陸兩用車
409,analog_clock,n02708093,類比時鐘
410,apiary,n02727426,蜂房
411,apron,n02730930,圍裙
412,ashcan,n02747177,垃圾桶
413,assault_rifle,n02749479,"攻擊步槍,槍"
414,backpack,n02769748,背包
415,bakery,n02776631,"麵包店,麵包鋪,"
416,balance_beam,n02777292,平衡木
417,balloon,n02782093,熱氣球
418,ballpoint,n02783161,圓珠筆
419,Band_Aid,n02786058,創可貼
420,banjo,n02787622,班卓琴
421,bannister,n02788148,"欄杆,樓梯扶手"
422,barbell,n02790996,杠鈴
423,barber_chair,n02791124,理髮師的椅子
424,barbershop,n02791270,理髮店
425,barn,n02793495,牲口棚
426,barometer,n02794156,晴雨錶
427,barrel,n02795169,圓筒
428,barrow,n02797295,"園地小車,手推車"
429,baseball,n02799071,棒球
430,basketball,n02802426,籃球
431,bassinet,n02804414,嬰兒床
432,bassoon,n02804610,"巴松管,低音管"
433,bathing_cap,n02807133,游泳帽
434,bath_towel,n02808304,沐浴毛巾
435,bathtub,n02808440,"浴缸,澡盆"
436,beach_wagon,n02814533,"沙灘車,旅行車"
437,beacon,n02814860,燈塔
438,beaker,n02815834,高腳杯
439,bearskin,n02817516,熊皮高帽
440,beer_bottle,n02823428,啤酒瓶
441,beer_glass,n02823750,啤酒杯 
442,bell_cote,n02825657,鐘塔
443,bib,n02834397,（小兒用的）圍嘴
444,bicycle-built-for-two,n02835271,"串聯自行車,"
445,bikini,n02837789,比基尼
446,binder,n02840245,裝訂冊
447,binoculars,n02841315,雙筒望遠鏡
448,birdhouse,n02843684,鳥舍
449,boathouse,n02859443,船庫
450,bobsled,n02860847,雪橇
451,bolo_tie,n02865351,飾扣式領帶
452,bonnet,n02869837,闊邊女帽
453,bookcase,n02870880,書櫥
454,bookshop,n02871525,"書店,書攤"
455,bottlecap,n02877765,瓶蓋
456,bow,n02879718,弓箭
457,bow_tie,n02883205,蝴蝶結領結
458,brass,n02892201,銅制牌位
459,brassiere,n02892767,奶罩
460,breakwater,n02894605,"防波堤,海堤"
461,breastplate,n02895154,鎧甲
462,broom,n02906734,掃帚
463,bucket,n02909870,桶
464,buckle,n02910353,扣環
465,bulletproof_vest,n02916936,防彈背心
466,bullet_train,n02917067,"動車,子彈頭列車"
467,butcher_shop,n02927161,"肉鋪,肉菜市場"
468,cab,n02930766,計程車
469,caldron,n02939185,大鍋
470,candle,n02948072,蠟燭
471,cannon,n02950826,大炮
472,canoe,n02951358,獨木舟
473,can_opener,n02951585,"開瓶器,開罐器"
474,cardigan,n02963159,開衫
475,car_mirror,n02965783,車鏡
476,carousel,n02966193,旋轉木馬
477,carpenter's_kit,n02966687,"木匠的工具包,工具包"
478,carton,n02971356,紙箱
479,car_wheel,n02974003,車輪
480,cash_machine,n02977058,"取款機,自動取款機"
481,cassette,n02978881,盒式錄音帶
482,cassette_player,n02979186,卡帶播放機
483,castle,n02980441,城堡
484,catamaran,n02981792,雙體船
485,CD_player,n02988304,CD播放機
486,cello,n02992211,大提琴
487,cellular_telephone,n02992529,"行動電話,手機"
488,chain,n02999410,鐵鍊
489,chainlink_fence,n03000134,圍欄
490,chain_mail,n03000247,鏈甲
491,chain_saw,n03000684,"電鋸,油鋸"
492,chest,n03014705,箱子
493,chiffonier,n03016953,"衣櫃,洗臉台"
494,chime,n03017168,"編鐘,鐘,鑼"
495,china_cabinet,n03018349,中國櫥櫃
496,Christmas_stocking,n03026506,聖誕襪
497,church,n03028079,"教堂,教堂建築"
498,cinema,n03032252,"電影院,劇場"
499,cleaver,n03041632,"切肉刀,菜刀"
500,cliff_dwelling,n03042490,懸崖屋
501,cloak,n03045698,斗篷
502,clog,n03047690,"木屐,木鞋"
503,cocktail_shaker,n03062245,雞尾酒調酒器
504,coffee_mug,n03063599,咖啡杯
505,coffeepot,n03063689,咖啡壺
506,coil,n03065424,螺旋結構（樓梯）
507,combination_lock,n03075370,組合鎖
508,computer_keyboard,n03085013,"電腦鍵盤,鍵盤"
509,confectionery,n03089624,"糖果,糖果店"
510,container_ship,n03095699,集裝箱船
511,convertible,n03100240,敞篷車
512,corkscrew,n03109150,"開瓶器,瓶螺杆"
513,cornet,n03110669,"短號,喇叭"
514,cowboy_boot,n03124043,牛仔靴
515,cowboy_hat,n03124170,牛仔帽
516,cradle,n03125729,搖籃
517,crane,n03126707,起重機
518,crash_helmet,n03127747,頭盔
519,crate,n03127925,板條箱
520,crib,n03131574,小兒床
521,Crock_Pot,n03133878,砂鍋
522,croquet_ball,n03134739,槌球
523,crutch,n03141823,拐杖
524,cuirass,n03146219,胸甲
525,dam,n03160309,"大壩,堤防"
526,desk,n03179701,書桌
527,desktop_computer,n03180011,臺式電腦
528,dial_telephone,n03187595,有線電話
529,diaper,n03188531,尿布濕
530,digital_clock,n03196217,數位時鐘
531,digital_watch,n03197337,數位手錶
532,dining_table,n03201208,餐桌板
533,dishrag,n03207743,抹布
534,dishwasher,n03207941,"洗碗機,洗碟機"
535,disk_brake,n03208938,盤式制動器
536,dock,n03216828,"碼頭,船塢,碼頭設施"
537,dogsled,n03218198,狗拉雪橇
538,dome,n03220513,圓頂
539,doormat,n03223299,"門墊,墊子"
540,drilling_platform,n03240683,"鑽井平臺,海上鑽井"
541,drum,n03249569,"鼓,樂器,鼓膜"
542,drumstick,n03250847,鼓槌
543,dumbbell,n03255030,啞鈴
544,Dutch_oven,n03259280,荷蘭烤箱
545,electric_fan,n03271574,"電風扇,鼓風機"
546,electric_guitar,n03272010,電吉他
547,electric_locomotive,n03272562,電力機車
548,entertainment_center,n03290653,"電視,電視櫃"
549,envelope,n03291819,信封
550,espresso_maker,n03297495,濃縮咖啡機
551,face_powder,n03314780,撲面粉
552,feather_boa,n03325584,女用長圍巾
553,file,n03337140,"檔,檔櫃,檔案櫃"
554,fireboat,n03344393,消防船
555,fire_engine,n03345487,消防車
556,fire_screen,n03347037,火爐欄
557,flagpole,n03355925,旗杆
558,flute,n03372029,長笛
559,folding_chair,n03376595,折疊椅
560,football_helmet,n03379051,橄欖球頭盔
561,forklift,n03384352,叉車
562,fountain,n03388043,噴泉
563,fountain_pen,n03388183,鋼筆
564,four-poster,n03388549,有四根帷柱的床
565,freight_car,n03393912,運貨車廂
566,French_horn,n03394916,"圓號,喇叭"
567,frying_pan,n03400231,煎鍋
568,fur_coat,n03404251,裘皮大衣
569,garbage_truck,n03417042,垃圾車
570,gasmask,n03424325,"防毒面具,呼吸器"
571,gas_pump,n03425413,汽油泵
572,goblet,n03443371,高腳杯
573,go-kart,n03444034,卡丁車
574,golf_ball,n03445777,高爾夫球
575,golfcart,n03445924,高爾夫球車
576,gondola,n03447447,狹長小船
577,gong,n03447721,鑼
578,gown,n03450230,禮服
579,grand_piano,n03452741,鋼琴
580,greenhouse,n03457902,"溫室,苗圃"
581,grille,n03459775,散熱器格柵
582,grocery_store,n03461385,"雜貨店,食品市場"
583,guillotine,n03467068,斷頭臺
584,hair_slide,n03476684,小髮夾
585,hair_spray,n03476991,頭髮噴霧
586,half_track,n03478589,半履帶裝甲車
587,hammer,n03481172,錘子
588,hamper,n03482405,大籃子
589,hand_blower,n03483316,"手搖鼓風機,吹風機"
590,hand-held_computer,n03485407,手提電腦
591,handkerchief,n03485794,手帕
592,hard_disc,n03492542,硬碟
593,harmonica,n03494278,"口琴,口風琴"
594,harp,n03495258,豎琴
595,harvester,n03496892,收割機
596,hatchet,n03498962,斧頭
597,holster,n03527444,手槍皮套
598,home_theater,n03529860,家庭影院
599,honeycomb,n03530642,蜂窩
600,hook,n03532672,鉤爪
601,hoopskirt,n03534580,襯裙
602,horizontal_bar,n03535780,單杠
603,horse_cart,n03538406,馬車
604,hourglass,n03544143,沙漏
605,iPod,n03584254,手機，iPad
606,iron,n03584829,熨斗
607,jack-o'-lantern,n03590841,南瓜燈籠
608,jean,n03594734,"牛仔褲,藍色牛仔褲"
609,jeep,n03594945,吉普車
610,jersey,n03595614,"運動衫,T恤"
611,jigsaw_puzzle,n03598930,拼圖
612,jinrikisha,n03599486,人力車
613,joystick,n03602883,操縱杆
614,kimono,n03617480,和服
615,knee_pad,n03623198,護膝
616,knot,n03627232,蝴蝶結
617,lab_coat,n03630383,"大褂,實驗室外套"
618,ladle,n03633091,長柄勺
619,lampshade,n03637318,燈罩
620,laptop,n03642806,筆記型電腦
621,lawn_mower,n03649909,割草機
622,lens_cap,n03657121,鏡頭蓋
623,letter_opener,n03658185,"開信刀,裁紙刀"
624,library,n03661043,圖書館
625,lifeboat,n03662601,救生艇
626,lighter,n03666591,"點火器,打火機"
627,limousine,n03670208,豪華轎車
628,liner,n03673027,遠洋班輪
629,lipstick,n03676483,"唇膏,口紅"
630,Loafer,n03680355,平底便鞋
631,lotion,n03690938,洗劑
632,loudspeaker,n03691459,揚聲器
633,loupe,n03692522,放大鏡
634,lumbermill,n03697007,鋸木廠
635,magnetic_compass,n03706229,磁羅盤
636,mailbag,n03709823,郵袋
637,mailbox,n03710193,信箱
638,maillot,n03710637,女游泳衣
639,maillot,n03710721,有肩帶浴衣
640,manhole_cover,n03717622,窨井蓋
641,maraca,n03720891,沙球（一種打擊樂器）
642,marimba,n03721384,馬林巴木琴
643,mask,n03724870,面膜
644,matchstick,n03729826,火柴
645,maypole,n03733131,花柱
646,maze,n03733281,迷宮
647,measuring_cup,n03733805,量杯
648,medicine_chest,n03742115,藥箱
649,megalith,n03743016,"巨石,巨石結構"
650,microphone,n03759954,麥克風
651,microwave,n03761084,微波爐
652,military_uniform,n03763968,軍裝
653,milk_can,n03764736,奶桶
654,minibus,n03769881,迷你巴士
655,miniskirt,n03770439,迷你裙
656,minivan,n03770679,麵包車
657,missile,n03773504,導彈
658,mitten,n03775071,連指手套
659,mixing_bowl,n03775546,攪拌缽
660,mobile_home,n03776460,活動房屋（由汽車拖拉的）
661,Model_T,n03777568,T型發動機小汽車
662,modem,n03777754,數據機
663,monastery,n03781244,修道院
664,monitor,n03782006,顯示器
665,moped,n03785016,電瓶車
666,mortar,n03786901,砂漿
667,mortarboard,n03787032,學士
668,mosque,n03788195,清真寺
669,mosquito_net,n03788365,蚊帳
670,motor_scooter,n03791053,摩托車
671,mountain_bike,n03792782,山地自行車
672,mountain_tent,n03792972,登山帳
673,mouse,n03793489,"滑鼠,電腦滑鼠"
674,mousetrap,n03794056,捕鼠器
675,moving_van,n03796401,搬家車
676,muzzle,n03803284,口套
677,nail,n03804744,釘子
678,neck_brace,n03814639,頸托
679,necklace,n03814906,項鍊
680,nipple,n03825788,乳頭（瓶）
681,notebook,n03832673,"筆記本,筆記型電腦"
682,obelisk,n03837869,方尖碑
683,oboe,n03838899,雙簧管
684,ocarina,n03840681,"陶笛,卵形笛"
685,odometer,n03841143,里程表
686,oil_filter,n03843555,濾油器
687,organ,n03854065,"風琴,管風琴"
688,oscilloscope,n03857828,示波器
689,overskirt,n03866082,罩裙
690,oxcart,n03868242,牛車
691,oxygen_mask,n03868863,氧氣面罩
692,packet,n03871628,包裝
693,paddle,n03873416,船槳
694,paddlewheel,n03874293,"明輪,槳輪"
695,padlock,n03874599,"掛鎖,扣鎖"
696,paintbrush,n03876231,畫筆
697,pajama,n03877472,睡衣
698,palace,n03877845,宮殿
699,panpipe,n03884397,"排簫,鳴管"
700,paper_towel,n03887697,紙巾
701,parachute,n03888257,降落傘
702,parallel_bars,n03888605,雙杠
703,park_bench,n03891251,公園長椅
704,parking_meter,n03891332,"停車收費表,停車計時器"
705,passenger_car,n03895866,"客車,教練車"
706,patio,n03899768,"露臺,陽臺"
707,pay-phone,n03902125,付費電話
708,pedestal,n03903868,"基座,基腳"
709,pencil_box,n03908618,鉛筆盒
710,pencil_sharpener,n03908714,卷筆刀
711,perfume,n03916031,香水（瓶）
712,Petri_dish,n03920288,培養皿
713,photocopier,n03924679,影印機
714,pick,n03929660,"撥弦片,撥子"
715,pickelhaube,n03929855,尖頂頭盔
716,picket_fence,n03930313,"柵欄,柵欄"
717,pickup,n03930630,"皮卡,皮卡車"
718,pier,n03933933,橋墩
719,piggy_bank,n03935335,存錢罐
720,pill_bottle,n03937543,藥瓶
721,pillow,n03938244,枕頭
722,ping-pong_ball,n03942813,乒乓球
723,pinwheel,n03944341,風車
724,pirate,n03947888,海盜船
725,pitcher,n03950228,水罐
726,plane,n03954731,木工刨
727,planetarium,n03956157,天文館
728,plastic_bag,n03958227,塑膠袋
729,plate_rack,n03961711,板架
730,plow,n03967562,犁型鏟雪機
731,plunger,n03970156,手壓皮碗泵
732,Polaroid_camera,n03976467,寶麗來相機
733,pole,n03976657,電線杆
734,police_van,n03977966,"警車,巡邏車"
735,poncho,n03980874,雨披
736,pool_table,n03982430,檯球桌
737,pop_bottle,n03983396,充氣飲料瓶
738,pot,n03991062,花盆
739,potter's_wheel,n03992509,陶工旋盤
740,power_drill,n03995372,電鑽
741,prayer_rug,n03998194,"祈禱墊,地毯"
742,printer,n04004767,印表機
743,prison,n04005630,監獄
744,projectile,n04008634,"炮彈,導彈"
745,projector,n04009552,投影儀
746,puck,n04019541,冰球
747,punching_bag,n04023962,"沙包,吊球"
748,purse,n04026417,錢包
749,quill,n04033901,羽管筆
750,quilt,n04033995,被子
751,racer,n04037443,賽車
752,racket,n04039381,球拍
753,radiator,n04040759,散熱器
754,radio,n04041544,收音機
755,radio_telescope,n04044716,"射電望遠鏡,無線電反射器"
756,rain_barrel,n04049303,雨桶
757,recreational_vehicle,n04065272,"休閒車,房車"
758,reel,n04067472,"卷軸,捲筒"
759,reflex_camera,n04069434,反射式照相機
760,refrigerator,n04070727,"冰箱,冰櫃"
761,remote_control,n04074963,遙控器
762,restaurant,n04081281,"餐廳,飲食店,食堂"
763,revolver,n04086273,左輪手槍
764,rifle,n04090263,步槍
765,rocking_chair,n04099969,搖椅
766,rotisserie,n04111531,電轉烤肉架
767,rubber_eraser,n04116512,橡皮
768,rugby_ball,n04118538,橄欖球
769,rule,n04118776,直尺
770,running_shoe,n04120489,跑步鞋
771,safe,n04125021,保險櫃
772,safety_pin,n04127249,安全別針
773,saltshaker,n04131690,鹽瓶（調味用）
774,sandal,n04133789,涼鞋
775,sarong,n04136333,"紗籠,圍裙"
776,sax,n04141076,薩克斯管
777,scabbard,n04141327,劍鞘
778,scale,n04141975,"秤,稱重機"
779,school_bus,n04146614,校車
780,schooner,n04147183,帆船
781,scoreboard,n04149813,記分牌
782,screen,n04152593,螢幕
783,screw,n04153751,螺絲
784,screwdriver,n04154565,螺絲刀
785,seat_belt,n04162706,安全帶
786,sewing_machine,n04179913,縫紉機
787,shield,n04192698,"盾牌,盾牌"
788,shoe_shop,n04200800,"皮鞋店,鞋店"
789,shoji,n04201297,障子
790,shopping_basket,n04204238,購物籃
791,shopping_cart,n04204347,購物車
792,shovel,n04208210,鐵鍬
793,shower_cap,n04209133,浴帽
794,shower_curtain,n04209239,浴簾
795,ski,n04228054,滑雪板
796,ski_mask,n04229816,滑雪面罩
797,sleeping_bag,n04235860,睡袋
798,slide_rule,n04238763,滑尺
799,sliding_door,n04239074,滑動門
800,slot,n04243546,角子老虎機
801,snorkel,n04251144,潛水通氣管
802,snowmobile,n04252077,雪橇
803,snowplow,n04252225,"掃雪機,掃雪機"
804,soap_dispenser,n04254120,皂液器
805,soccer_ball,n04254680,足球
806,sock,n04254777,襪子
807,solar_dish,n04258138,"碟式太陽能,太陽能集熱器,太陽能爐"
808,sombrero,n04259630,寬邊帽
809,soup_bowl,n04263257,湯碗
810,space_bar,n04264628,空白鍵
811,space_heater,n04265275,空間加熱器
812,space_shuttle,n04266014,太空梭
813,spatula,n04270147,鏟（攪拌或塗敷用的）
814,speedboat,n04273569,快艇
815,spider_web,n04275548,蜘蛛網
816,spindle,n04277352,"紡錘,紗錠"
817,sports_car,n04285008,跑車
818,spotlight,n04286575,聚光燈
819,stage,n04296562,舞臺
820,steam_locomotive,n04310018,蒸汽機車
821,steel_arch_bridge,n04311004,鋼拱橋
822,steel_drum,n04311174,鋼滾筒
823,stethoscope,n04317175,聽診器
824,stole,n04325704,女用披肩
825,stone_wall,n04326547,石頭牆
826,stopwatch,n04328186,碼錶
827,stove,n04330267,火爐
828,strainer,n04332243,篩檢程式
829,streetcar,n04335435,"有軌電車,電車"
830,stretcher,n04336792,擔架
831,studio_couch,n04344873,沙發床
832,stupa,n04346328,佛塔
833,submarine,n04347754,"潛艇,潛水艇"
834,suit,n04350905,"套裝,衣服"
835,sundial,n04355338,日晷
836,sunglass,n04355933,太陽鏡
837,sunglasses,n04356056,"太陽鏡,墨鏡"
838,sunscreen,n04357314,"防曬霜,防曬劑"
839,suspension_bridge,n04366367,懸索橋
840,swab,n04367480,拖把
841,sweatshirt,n04370456,運動衫
842,swimming_trunks,n04371430,游泳褲
843,swing,n04371774,秋千
844,switch,n04372370,"開關,電器開關"
845,syringe,n04376876,注射器
846,table_lamp,n04380533,檯燈
847,tank,n04389033,"坦克,裝甲戰車,裝甲戰鬥車輛"
848,tape_player,n04392985,磁帶播放機
849,teapot,n04398044,茶壺
850,teddy,n04399382,"泰迪,泰迪熊"
851,television,n04404412,電視
852,tennis_ball,n04409515,網球
853,thatch,n04417672,"茅草,茅草屋頂"
854,theater_curtain,n04418357,"幕布,劇院的帷幕"
855,thimble,n04423845,頂針
856,thresher,n04428191,脫粒機
857,throne,n04429376,寶座
858,tile_roof,n04435653,瓦屋頂
859,toaster,n04442312,烤麵包機
860,tobacco_shop,n04443257,"煙草店,煙草"
861,toilet_seat,n04447861,馬桶
862,torch,n04456115,火炬
863,totem_pole,n04458633,圖騰柱
864,tow_truck,n04461696,"拖車,牽引車,清障車"
865,toyshop,n04462240,玩具店
866,tractor,n04465501,拖拉機
867,trailer_truck,n04467665,"拖車,鉸接式卡車"
868,tray,n04476259,託盤
869,trench_coat,n04479046,風衣
870,tricycle,n04482393,三輪車
871,trimaran,n04483307,三體船
872,tripod,n04485082,三腳架
873,triumphal_arch,n04486054,凱旋門
874,trolleybus,n04487081,無軌電車
875,trombone,n04487394,長號
876,tub,n04493381,"浴盆,浴缸"
877,turnstile,n04501370,旋轉式柵門
878,typewriter_keyboard,n04505470,打字機鍵盤
879,umbrella,n04507155,傘
880,unicycle,n04509417,獨輪車
881,upright,n04515003,直立式鋼琴
882,vacuum,n04517823,真空吸塵器
883,vase,n04522168,花瓶
884,vault,n04523525,拱頂
885,velvet,n04525038,天鵝絨
886,vending_machine,n04525305,自動售貨機
887,vestment,n04532106,祭服
888,viaduct,n04532670,高架橋
889,violin,n04536866,"小提琴,小提琴"
890,volleyball,n04540053,排球
891,waffle_iron,n04542943,松餅機
892,wall_clock,n04548280,掛鐘
893,wallet,n04548362,"錢包,皮夾"
894,wardrobe,n04550184,"衣櫃,壁櫥"
895,warplane,n04552348,軍用飛機
896,washbasin,n04553703,"洗臉盆,洗手盆"
897,washer,n04554684,"洗衣機,自動洗衣機"
898,water_bottle,n04557648,水瓶
899,water_jug,n04560804,水壺
900,water_tower,n04562935,水塔
901,whiskey_jug,n04579145,威士卡壺
902,whistle,n04579432,哨子
903,wig,n04584207,假髮
904,window_screen,n04589890,紗窗
905,window_shade,n04590129,百葉窗
906,Windsor_tie,n04591157,溫莎領帶
907,wine_bottle,n04591713,葡萄酒瓶
908,wing,n04592741,"飛機翅膀,飛機"
909,wok,n04596742,炒菜鍋
910,wooden_spoon,n04597913,木制的勺子
911,wool,n04599235,"毛織品,羊絨"
912,worm_fence,n04604644,"柵欄,圍欄"
913,wreck,n04606251,沉船
914,yawl,n04612504,雙桅船
915,yurt,n04613696,蒙古包
916,web_site,n06359193,"網站,互聯網網站"
917,comic_book,n06596364,漫畫
918,crossword_puzzle,n06785654,縱橫字謎
919,street_sign,n06794110,路標
920,traffic_light,n06874185,交通信號燈
921,book_jacket,n07248320,"防塵罩,書皮"
922,menu,n07565083,菜單
923,plate,n07579787,盤子
924,guacamole,n07583066,鱷梨醬
925,consomme,n07584110,清湯
926,hot_pot,n07590611,罐燜土豆燒肉
927,trifle,n07613480,蛋糕
928,ice_cream,n07614500,霜淇淋
929,ice_lolly,n07615774,"雪糕,冰棒,冰棒"
930,French_loaf,n07684084,法式麵包
931,bagel,n07693725,百吉餅
932,pretzel,n07695742,椒鹽脆餅
933,cheeseburger,n07697313,芝士漢堡
934,hotdog,n07697537,熱狗
935,mashed_potato,n07711569,土豆泥
936,head_cabbage,n07714571,結球甘藍
937,broccoli,n07714990,西蘭花
938,cauliflower,n07715103,菜花
939,zucchini,n07716358,綠皮密生西葫蘆
940,spaghetti_squash,n07716906,西葫蘆
941,acorn_squash,n07717410,小青南瓜
942,butternut_squash,n07717556,南瓜
943,cucumber,n07718472,黃瓜
944,artichoke,n07718747,朝鮮薊
945,bell_pepper,n07720875,甜椒
946,cardoon,n07730033,刺棘薊
947,mushroom,n07734744,蘑菇
948,Granny_Smith,n07742313,綠蘋果
949,strawberry,n07745940,草莓
950,orange,n07747607,橘子
951,lemon,n07749582,檸檬
952,fig,n07753113,無花果
953,pineapple,n07753275,鳳梨
954,banana,n07753592,香蕉
955,jackfruit,n07754684,菠蘿蜜
956,custard_apple,n07760859,蛋奶凍蘋果
957,pomegranate,n07768694,石榴
958,hay,n07802026,乾草
959,carbonara,n07831146,烤麵條加乾酪沙司
960,chocolate_sauce,n07836838,"巧克力醬,巧克力糖漿"
961,dough,n07860988,麵團
962,meat_loaf,n07871810,"瑞士肉包,肉餅"
963,pizza,n07873807,"披薩,披薩餅"
964,potpie,n07875152,餡餅
965,burrito,n07880968,卷餅
966,red_wine,n07892512,紅葡萄酒
967,espresso,n07920052,義大利濃咖啡
968,cup,n07930864,杯子
969,eggnog,n07932039,蛋酒
970,alp,n09193705,高山
971,bubble,n09229709,泡泡
972,cliff,n09246464,懸崖
973,coral_reef,n09256479,珊瑚礁
974,geyser,n09288635,間歇泉
975,lakeside,n09332890,"湖邊,湖岸"
976,promontory,n09399592,海角
977,sandbar,n09421951,"沙洲,沙壩"
978,seashore,n09428293,"海濱,海岸"
979,valley,n09468604,峽谷
980,volcano,n09472597,火山
981,ballplayer,n09835506,"棒球,棒球運動員"
982,groom,n10148035,新郎
983,scuba_diver,n10565667,潛水夫
984,rapeseed,n11879895,油菜
985,daisy,n11939491,雛菊
986,yellow_lady's_slipper,n12057211,杓蘭
987,corn,n12144580,玉米
988,acorn,n12267677,橡子
989,hip,n12620546,玫瑰果
990,buckeye,n12768682,七葉樹果實
991,coral_fungus,n12985857,珊瑚菌
992,agaric,n12998815,木耳
993,gyromitra,n13037406,鹿花菌
994,stinkhorn,n13040303,鬼筆菌
995,earthstar,n13044778,地星（菌類）
996,hen-of-the-woods,n13052670,多葉奇果菌
997,bolete,n13054560,牛肝菌
998,ear,n13133613,玉米穗
999,toilet_tissue,n15075141,衛生紙 

